{
  "auc": 0.6998182354097072,
  "task_greedy": [
    0.86,
    0.5667380952380953
  ],
  "best_recal_held_vs_taskgreedy": [
    0.7500000596046444,
    0.84,
    0.5209603174603175
  ]
}