{
  "per_model": [
    {
      "model": "gemini-3.5-flash",
      "reps": 5,
      "n_per_rep": 50,
      "oe_rates": [
        0.12,
        0.2,
        0.1,
        0.14,
        0.16
      ],
      "oe_rate_mean": 0.14400000000000002,
      "oe_rate_sd": 0.03847076812334269,
      "oe_rate_range": [
        0.1,
        0.2
      ],
      "oe_counts": [
        0.24,
        0.84,
        0.12,
        0.16,
        0.22
      ],
      "oe_count_mean": 0.316,
      "oe_count_sd": 0.2967827488247927,
      "recall_mean": 0.8537095238095238,
      "timid_mean": 0.304,
      "tasks_compared": 50,
      "tasks_flipped": 8,
      "label_agreement": 0.84
    },
    {
      "model": "claude-opus-4.8",
      "reps": 5,
      "n_per_rep": 50,
      "oe_rates": [
        0.08,
        0.12,
        0.12,
        0.08,
        0.08
      ],
      "oe_rate_mean": 0.096,
      "oe_rate_sd": 0.02190890230020664,
      "oe_rate_range": [
        0.08,
        0.12
      ],
      "oe_counts": [
        0.1,
        0.44,
        0.36,
        0.1,
        0.08
      ],
      "oe_count_mean": 0.216,
      "oe_count_sd": 0.17052858997833764,
      "recall_mean": 0.8090428571428572,
      "timid_mean": 0.38,
      "tasks_compared": 50,
      "tasks_flipped": 3,
      "label_agreement": 0.94
    }
  ],
  "between_model_rep_level": {
    "models": [
      "gemini-3.5-flash",
      "claude-opus-4.8"
    ],
    "n_reps": 5,
    "means": [
      0.14400000000000002,
      0.096
    ],
    "mannwhitney_p": 0.053936941983493455,
    "welch_p": 0.04933415861541843,
    "verdict": "borderline (~0.05)"
  }
}